{
  "Total" : {
    "transaction" : "Total",
    "sampleCount" : 8000,
    "errorCount" : 4031,
    "errorPct" : 50.3875,
    "meanResTime" : 439.29537499999896,
    "medianResTime" : 170.0,
    "minResTime" : 111.0,
    "maxResTime" : 30868.0,
    "pct1ResTime" : 287.0,
    "pct2ResTime" : 450.89999999999964,
    "pct3ResTime" : 1637.9299999999985,
    "throughput" : 194.18889724979974,
    "receivedKBytesPerSec" : 632.0333028269655,
    "sentKBytesPerSec" : 36.69487462679321
  },
  "HTTP Request - Login" : {
    "transaction" : "HTTP Request - Login",
    "sampleCount" : 4000,
    "errorCount" : 4000,
    "errorPct" : 100.0,
    "meanResTime" : 376.7774999999995,
    "medianResTime" : 169.0,
    "minResTime" : 111.0,
    "maxResTime" : 30131.0,
    "pct1ResTime" : 215.0,
    "pct2ResTime" : 239.0,
    "pct3ResTime" : 790.9599999999991,
    "throughput" : 100.86491666036261,
    "receivedKBytesPerSec" : 130.02541717099126,
    "sentKBytesPerSec" : 25.51173185061906
  },
  "HTTP Request" : {
    "transaction" : "HTTP Request",
    "sampleCount" : 4000,
    "errorCount" : 31,
    "errorPct" : 0.775,
    "meanResTime" : 501.8132499999991,
    "medianResTime" : 174.0,
    "minResTime" : 111.0,
    "maxResTime" : 30868.0,
    "pct1ResTime" : 366.0,
    "pct2ResTime" : 635.6999999999989,
    "pct3ResTime" : 2029.349999999964,
    "throughput" : 97.3852071870283,
    "receivedKBytesPerSec" : 508.38627861451283,
    "sentKBytesPerSec" : 12.173150898378537
  }
}