{
  "Total" : {
    "transaction" : "Total",
    "sampleCount" : 50,
    "errorCount" : 0,
    "errorPct" : 0.0,
    "meanResTime" : 244.20000000000005,
    "medianResTime" : 136.0,
    "minResTime" : 117.0,
    "maxResTime" : 1307.0,
    "pct1ResTime" : 564.3,
    "pct2ResTime" : 756.0499999999985,
    "pct3ResTime" : 1307.0,
    "throughput" : 9.155832265152902,
    "receivedKBytesPerSec" : 48.0759876854056,
    "sentKBytesPerSec" : 1.1444790331441128
  },
  "HTTP Request" : {
    "transaction" : "HTTP Request",
    "sampleCount" : 50,
    "errorCount" : 0,
    "errorPct" : 0.0,
    "meanResTime" : 244.20000000000005,
    "medianResTime" : 136.0,
    "minResTime" : 117.0,
    "maxResTime" : 1307.0,
    "pct1ResTime" : 564.3,
    "pct2ResTime" : 756.0499999999985,
    "pct3ResTime" : 1307.0,
    "throughput" : 9.155832265152902,
    "receivedKBytesPerSec" : 48.0759876854056,
    "sentKBytesPerSec" : 1.1444790331441128
  }
}