{
  "Total" : {
    "transaction" : "Total",
    "sampleCount" : 60,
    "errorCount" : 30,
    "errorPct" : 50.0,
    "meanResTime" : 217.29999999999998,
    "medianResTime" : 125.0,
    "minResTime" : 113.0,
    "maxResTime" : 1352.0,
    "pct1ResTime" : 515.6,
    "pct2ResTime" : 554.6999999999999,
    "pct3ResTime" : 1352.0,
    "throughput" : 11.025358324145534,
    "receivedKBytesPerSec" : 36.0344743430724,
    "sentKBytesPerSec" : 2.0834051130099227
  },
  "HTTP Request - Login" : {
    "transaction" : "HTTP Request - Login",
    "sampleCount" : 30,
    "errorCount" : 30,
    "errorPct" : 100.0,
    "meanResTime" : 132.83333333333337,
    "medianResTime" : 125.0,
    "minResTime" : 114.0,
    "maxResTime" : 220.0,
    "pct1ResTime" : 164.0,
    "pct2ResTime" : 191.39999999999998,
    "pct3ResTime" : 220.0,
    "throughput" : 7.342143906020558,
    "receivedKBytesPerSec" : 9.451576266519822,
    "sentKBytesPerSec" : 1.857046163729809
  },
  "HTTP Request" : {
    "transaction" : "HTTP Request",
    "sampleCount" : 30,
    "errorCount" : 0,
    "errorPct" : 0.0,
    "meanResTime" : 301.7666666666668,
    "medianResTime" : 124.5,
    "minResTime" : 113.0,
    "maxResTime" : 1352.0,
    "pct1ResTime" : 554.4,
    "pct2ResTime" : 1186.9999999999998,
    "pct3ResTime" : 1352.0,
    "throughput" : 5.6850483229107445,
    "receivedKBytesPerSec" : 29.84280249194618,
    "sentKBytesPerSec" : 0.7106310403638431
  }
}